Serie,MAE,MSE,RMSE,MAPE
AMD,18.123009065850287,455.02255932948344,21.331257799986467,11.867118933905815
INTC,1.497905929263276,3.172888166550459,1.7812602747915474,6.696791941832228
NVDA,26.165796894903504,827.3656315985814,28.763964114818762,19.342542599048187
