Serie,Modelo,MAE,MSE,RMSE,MAPE
AMD,FLAML,30.27325986136708,1215.3955980047215,34.86252426323604,19.89048072891694
