Serie,Modelo,MAE,MSE,RMSE,MAPE
AMD,Chronos|chronos-bolt-tiny,15.096287793452197,321.3397312672569,17.925951335068856,10.078428647826655
