Serie,Modelo,MAE,MSE,RMSE,MAPE
AMD,TimeGPT-1,18.123009065850287,455.02255932948344,21.331257799986467,11.867118933905815
