Serie,Modelo,MAE,MSE,RMSE,MAPE
INTC,Chronos|chronos-bolt-tiny,1.9273669932148245,5.88993116226017,2.426918037812602,8.332144394561219
