Serie,Modelo,MAE,MSE,RMSE,MAPE
INTC,TimeGPT-1,1.497905929263276,3.172888166550459,1.7812602747915474,6.696791941832228
