Serie,Modelo,MAE,MSE,RMSE,MAPE
INTC,FLAML,15.870947345788576,270.69261517732576,16.452738835140057,73.50436526460388
