Serie,Modelo,MAE,MSE,RMSE,MAPE
NVDA,TimeGPT-1,26.165796894903504,827.3656315985814,28.763964114818762,19.342542599048187
