Serie,Modelo,MAE,MSE,RMSE,MAPE
NVDA,Chronos|chronos-bolt-tiny,28.36943499876721,917.750794623027,30.294402034419278,21.158264457041927
