Serie,Modelo,MAE,MSE,RMSE,MAPE
NVDA,FLAML-extra_tree,82.06857171100746,6935.896588393078,83.28203040508245,62.45883482825835
